1,Eugene,Ortiz,eortiz0@home.pl,Russia,Associate Professor
2,Sarah,Foster,sfoster1@mozilla.org,Brunei,Programmer Analyst III
3,Susan,Banks,sbanks2@printfriendly.com,Brazil,Marketing Manager
4,Kenneth,Carroll,kcarroll3@nyu.edu,Ethiopia,Tax Accountant
5,Chris,Rodriguez,crodriguez4@t.co,Sweden,Budget/Accounting Analyst III
6,Mark,Harris,mharris5@netlog.com,Brazil,Database Administrator IV
7,Pamela,Pierce,ppierce6@weebly.com,Russia,Data Coordiator
8,Henry,Knight,hknight7@friendfeed.com,Ghana,Database Administrator II
9,Helen,Cunningham,hcunningham8@amazon.co.uk,Sweden,Technical Writer
10,Keith,Gonzales,kgonzales9@bloomberg.com,France,Administrative Assistant II
11,Amanda,Gibson,agibsona@wix.com,Papua New Guinea,Nurse
12,Nicholas,Hall,nhallb@goodreads.com,Ecuador,Help Desk Operator
13,Angela,Ortiz,aortizc@shareasale.com,Russia,Financial Analyst
14,Randy,Hall,rhalld@google.co.uk,China,Senior Sales Associate
15,Joseph,Marshall,jmarshalle@mayoclinic.com,France,Safety Technician IV
16,Jacqueline,Bryant,jbryantf@flavors.me,China,Professor
17,Lori,Cole,lcoleg@usgs.gov,Poland,Quality Engineer
18,Doris,Russell,drussellh@pcworld.com,Nicaragua,Compensation Analyst
19,Larry,Flores,lfloresi@marketwatch.com,China,Food Chemist
20,Johnny,Kelley,jkelleyj@unicef.org,Russia,Analog Circuit Design manager
21,Johnny,Howell,jhowellk@sakura.ne.jp,Poland,Nurse Practicioner
22,Johnny,Morgan,jmorganl@yale.edu,Sudan,Research Nurse
23,Willie,Rice,wricem@flickr.com,China,VP Accounting
24,Louis,Thomas,lthomasn@utexas.edu,Indonesia,Paralegal
25,Lawrence,Elliott,lelliotto@mtv.com,Brazil,Legal Assistant
26,Sharon,Wagner,swagnerp@sbwire.com,Japan,Statistician IV
27,Robert,Reed,rreedq@tiny.cc,Indonesia,Recruiter
28,Samuel,Gibson,sgibsonr@ocn.ne.jp,North Korea,Project Manager
29,Cynthia,Parker,cparkers@indiatimes.com,China,Help Desk Operator
30,Karen,Dean,kdeant@virginia.edu,Guinea,Quality Control Specialist
31,Frances,Matthews,fmatthewsu@ezinearticles.com,China,Associate Professor
32,Margaret,Morgan,mmorganv@usda.gov,Tanzania,Accountant IV
33,Evelyn,Gonzales,egonzalesw@canalblog.com,Mongolia,Food Chemist
34,Jonathan,Parker,jparkerx@odnoklassniki.ru,China,Computer Systems Analyst III
35,Phyllis,Hernandez,phernandezy@ucsd.edu,Finland,Help Desk Operator
36,Michael,Johnson,mjohnsonz@edublogs.org,Ukraine,Junior Executive
37,Victor,Phillips,vphillips10@slashdot.org,Argentina,Analyst Programmer
38,Evelyn,Montgomery,emontgomery11@npr.org,Indonesia,Accountant I
39,Martha,Harris,mharris12@google.it,Saudi Arabia,VP Quality Control
40,Clarence,Ryan,cryan13@wunderground.com,Japan,Occupational Therapist
41,Cynthia,Stevens,cstevens14@vk.com,Indonesia,Chemical Engineer
42,Frances,Elliott,felliott15@mit.edu,China,Web Developer IV
43,Helen,Richards,hrichards16@sogou.com,China,Media Manager III
44,Denise,Johnston,djohnston17@clickbank.net,Russia,Safety Technician I
45,Nancy,King,nking18@princeton.edu,Brazil,Graphic Designer
46,Kenneth,Garcia,kgarcia19@jigsy.com,France,Financial Analyst
47,Sean,Griffin,sgriffin1a@theglobeandmail.com,Japan,Quality Control Specialist
48,Steven,Chavez,schavez1b@bigcartel.com,Philippines,Project Manager
49,Arthur,Smith,asmith1c@google.pl,China,Computer Systems Analyst IV
50,Cynthia,Hudson,chudson1d@ihg.com,China,Chemical Engineer
51,Pamela,Hicks,phicks1e@domainmarket.com,Sweden,GIS Technical Architect
52,Amanda,Andrews,aandrews1f@wikimedia.org,Bolivia,Pharmacist
53,George,Gilbert,ggilbert1g@ning.com,Belarus,VP Sales
54,Russell,Wood,rwood1h@earthlink.net,Nigeria,Human Resources Assistant III
55,Jose,Gilbert,jgilbert1i@twitpic.com,China,Project Manager
56,Lillian,Lee,llee1j@wix.com,Bosnia and Herzegovina,Recruiter
57,Shawn,Johnson,sjohnson1k@odnoklassniki.ru,China,Environmental Tech
58,Helen,Webb,hwebb1l@google.com,Togo,Teacher
59,Jennifer,Romero,jromero1m@businessinsider.com,Peru,Research Associate
60,Kelly,Burton,kburton1n@sourceforge.net,Russia,Tax Accountant
61,Lori,Wells,lwells1o@nbcnews.com,Russia,Human Resources Assistant II
62,Kathy,James,kjames1p@themeforest.net,Poland,Paralegal
63,Martha,Bishop,mbishop1q@netscape.com,Russia,Senior Quality Engineer
64,Cheryl,Parker,cparker1r@uiuc.edu,Spain,Account Executive
65,James,Smith,jsmith1s@weebly.com,Colombia,Account Representative I
66,Wayne,Foster,wfoster1t@admin.ch,Indonesia,Web Designer III
67,Sandra,Lee,slee1u@homestead.com,China,Sales Representative
68,Benjamin,Porter,bporter1v@a8.net,China,Product Engineer
69,Theresa,Bell,tbell1w@flavors.me,Brazil,Human Resources Assistant I
70,Jeffrey,Schmidt,jschmidt1x@craigslist.org,Brazil,VP Quality Control
71,Laura,Simpson,lsimpson1y@furl.net,Botswana,Systems Administrator I
72,Jacqueline,Lynch,jlynch1z@yahoo.co.jp,South Korea,Health Coach I
73,Ruby,Fisher,rfisher20@xinhuanet.com,China,Help Desk Technician
74,Julie,Lee,jlee21@timesonline.co.uk,Indonesia,Editor
75,Kenneth,Torres,ktorres22@independent.co.uk,Indonesia,Human Resources Assistant III
76,Ashley,Hamilton,ahamilton23@umich.edu,Indonesia,Web Designer III
77,Carlos,Garrett,cgarrett24@youku.com,Gambia,Compensation Analyst
78,Tammy,Foster,tfoster25@networksolutions.com,Poland,Staff Scientist
79,Lillian,Morales,lmorales26@buzzfeed.com,China,Structural Analysis Engineer
80,Jennifer,Green,jgreen27@walmart.com,Colombia,Quality Control Specialist
81,Judy,Diaz,jdiaz28@timesonline.co.uk,Indonesia,Help Desk Operator
82,Gerald,Cruz,gcruz29@businessinsider.com,France,Senior Editor
83,George,Fuller,gfuller2a@geocities.jp,Japan,Legal Assistant
84,Margaret,Crawford,mcrawford2b@weebly.com,Ethiopia,Compensation Analyst
85,Cynthia,Brown,cbrown2c@e-recht24.de,China,Registered Nurse
86,Terry,Young,tyoung2d@vk.com,China,Speech Pathologist
87,Roger,Hart,rhart2e@pinterest.com,United States,Chemical Engineer
88,Phillip,Allen,pallen2f@free.fr,Mongolia,Safety Technician III
89,Carolyn,Cruz,ccruz2g@google.co.uk,Indonesia,Business Systems Development Analyst
90,Rose,Wallace,rwallace2h@cyberchimps.com,United States,Sales Representative
91,Amy,Edwards,aedwards2i@desdev.cn,Argentina,Graphic Designer
92,Susan,Arnold,sarnold2j@mashable.com,Slovenia,Health Coach II
93,Joyce,Riley,jriley2k@wsj.com,China,Project Manager
94,Angela,Ellis,aellis2l@cdc.gov,United States,Programmer III
95,Louis,Hernandez,lhernandez2m@sourceforge.net,Russia,Project Manager
96,Shawn,Welch,swelch2n@mayoclinic.com,China,Junior Executive
97,Nicole,Rice,nrice2o@wufoo.com,Paraguay,VP Product Management
98,Lois,Elliott,lelliott2p@cdc.gov,Portugal,Operator
99,Nicole,Thompson,nthompson2q@economist.com,China,Product Engineer
100,Sharon,Edwards,sedwards2r@vimeo.com,Brazil,Marketing Assistant
101,Roger,Patterson,rpatterson2s@drupal.org,China,Accounting Assistant III
102,Julia,Nichols,jnichols2t@flickr.com,Honduras,Sales Representative
103,Bonnie,Willis,bwillis2u@upenn.edu,Thailand,Electrical Engineer
104,Marie,Gonzalez,mgonzalez2v@msu.edu,Madagascar,Staff Scientist
105,Daniel,Sanchez,dsanchez2w@arstechnica.com,China,Account Representative III
106,Peter,Hudson,phudson2x@a8.net,China,Biostatistician IV
107,Diane,Fisher,dfisher2y@hp.com,China,Pharmacist
108,Phyllis,Carpenter,pcarpenter2z@51.la,Venezuela,Environmental Tech
109,Frances,Parker,fparker30@marketwatch.com,Portugal,Financial Analyst
110,Samuel,Ryan,sryan31@blinklist.com,Nigeria,Business Systems Development Analyst
111,Ronald,Henry,rhenry32@toplist.cz,Russia,Account Representative II
112,Raymond,Peters,rpeters33@forbes.com,Russia,Financial Advisor
113,Gary,Morales,gmorales34@ibm.com,Bulgaria,Account Coordinator
114,Angela,Perry,aperry35@cnn.com,Russia,Mechanical Systems Engineer
115,Brian,Chapman,bchapman36@si.edu,Poland,Speech Pathologist
116,Billy,Scott,bscott37@pinterest.com,Namibia,Nuclear Power Engineer
117,Louis,Burke,lburke38@economist.com,South Korea,Actuary
118,Helen,Butler,hbutler39@paypal.com,Indonesia,Analyst Programmer
119,Thomas,Mills,tmills3a@samsung.com,Yemen,Information Systems Manager
120,Anne,Sullivan,asullivan3b@go.com,Philippines,Payment Adjustment Coordinator
121,Barbara,Adams,badams3c@dailymotion.com,Ukraine,Chief Design Engineer
122,Louise,Rice,lrice3d@sohu.com,Philippines,Information Systems Manager
123,George,Mills,gmills3e@istockphoto.com,China,Senior Developer
124,Katherine,Morris,kmorris3f@indiegogo.com,Indonesia,Accountant I
125,Katherine,Bryant,kbryant3g@biblegateway.com,Mexico,Research Assistant II
126,Joseph,Young,jyoung3h@cnbc.com,China,Physical Therapy Assistant
127,David,Holmes,dholmes3i@plala.or.jp,Indonesia,Staff Scientist
128,Brian,Young,byoung3j@bluehost.com,Mexico,Environmental Tech
129,Gloria,Bowman,gbowman3k@cisco.com,Slovenia,Safety Technician IV
130,Ernest,Fernandez,efernandez3l@hatena.ne.jp,China,General Manager
131,Kathy,Black,kblack3m@ning.com,Honduras,Research Associate
132,Charles,Gardner,cgardner3n@reuters.com,Indonesia,Account Representative II
133,Kelly,Williams,kwilliams3o@stumbleupon.com,Bosnia and Herzegovina,Senior Financial Analyst
134,Anna,Lopez,alopez3p@howstuffworks.com,United States,Director of Sales
135,Teresa,Fuller,tfuller3q@domainmarket.com,Canada,Financial Analyst
136,Elizabeth,White,ewhite3r@ucoz.ru,Guinea,Research Associate
137,Eric,Edwards,eedwards3s@phoca.cz,Japan,Quality Engineer
138,Victor,Ross,vross3t@naver.com,Portugal,Nurse Practicioner
139,Evelyn,Hunt,ehunt3u@moonfruit.com,Russia,Help Desk Technician
140,Alan,Hawkins,ahawkins3v@pen.io,Argentina,Design Engineer
141,Diana,Perry,dperry3w@angelfire.com,Argentina,VP Accounting
142,Jeffrey,Hughes,jhughes3x@smh.com.au,Peru,Human Resources Assistant III
143,William,Perkins,wperkins3y@aol.com,China,Senior Financial Analyst
144,Ruth,Coleman,rcoleman3z@blinklist.com,Brazil,Business Systems Development Analyst
145,Beverly,Morris,bmorris40@youtu.be,China,Executive Secretary
146,Ann,Harrison,aharrison41@msu.edu,China,Help Desk Operator
147,Jeffrey,Burns,jburns42@baidu.com,Latvia,General Manager
148,Arthur,Castillo,acastillo43@soundcloud.com,Palestinian Territory,Research Associate
149,Bobby,James,bjames44@time.com,Indonesia,Accounting Assistant III
150,Wayne,Gutierrez,wgutierrez45@wired.com,Russia,Software Engineer III
151,Jerry,Gutierrez,jgutierrez46@si.edu,Portugal,Programmer Analyst I
152,Julie,Hawkins,jhawkins47@foxnews.com,Greece,Pharmacist
153,Phillip,Webb,pwebb48@huffingtonpost.com,Russia,Computer Systems Analyst III
154,Deborah,Weaver,dweaver49@ustream.tv,Montenegro,Financial Analyst
155,Helen,Wheeler,hwheeler4a@home.pl,Philippines,Paralegal
156,Keith,Perkins,kperkins4b@howstuffworks.com,Indonesia,Office Assistant III
157,Patricia,Evans,pevans4c@google.de,China,Statistician III
158,Kathy,Grant,kgrant4d@netvibes.com,Vietnam,Assistant Professor
159,Rachel,Fisher,rfisher4e@loc.gov,Cameroon,Financial Analyst
160,Frank,Medina,fmedina4f@ihg.com,Syria,Human Resources Assistant III
161,Benjamin,Fernandez,bfernandez4g@twitpic.com,Philippines,Nurse
162,Theresa,Stanley,tstanley4h@jimdo.com,China,Financial Analyst
163,Nicole,Davis,ndavis4i@ucsd.edu,Peru,Statistician III
164,Bobby,Richardson,brichardson4j@howstuffworks.com,China,Project Manager
165,Robin,Wilson,rwilson4k@gmpg.org,Philippines,Accountant I
166,Deborah,Morales,dmorales4l@stanford.edu,Peru,Geological Engineer
167,Nicholas,Howard,nhoward4m@themeforest.net,Russia,Librarian
168,Donald,Ortiz,dortiz4n@hostgator.com,China,Engineer III
169,Matthew,Green,mgreen4o@amazon.com,Brazil,Staff Scientist
170,Rachel,Ferguson,rferguson4p@unblog.fr,Venezuela,Media Manager IV
171,Heather,Rose,hrose4q@artisteer.com,China,Senior Quality Engineer
172,Jacqueline,Rodriguez,jrodriguez4r@1688.com,Belarus,Payment Adjustment Coordinator
173,Margaret,Little,mlittle4s@msu.edu,Russia,Account Representative IV
174,Mary,Torres,mtorres4t@bloglovin.com,China,Developer III
175,Diane,Ruiz,druiz4u@wsj.com,Indonesia,Marketing Assistant
176,Billy,Jones,bjones4v@disqus.com,South Africa,Community Outreach Specialist
177,Barbara,Spencer,bspencer4w@eepurl.com,France,Desktop Support Technician
178,Steven,Welch,swelch4x@loc.gov,Brazil,Assistant Professor
179,Walter,Fuller,wfuller4y@smh.com.au,Croatia,Senior Quality Engineer
180,Anthony,Hawkins,ahawkins4z@geocities.jp,Indonesia,VP Accounting
181,Melissa,Baker,mbaker50@spiegel.de,China,General Manager
182,Kelly,Payne,kpayne51@hibu.com,Cameroon,Sales Associate
183,Marilyn,Fuller,mfuller52@indiegogo.com,Iceland,Teacher
184,Jessica,Nelson,jnelson53@theguardian.com,Poland,Geological Engineer
185,Thomas,Cole,tcole54@toplist.cz,Colombia,Cost Accountant
186,Joshua,Perez,jperez55@surveymonkey.com,Malta,Internal Auditor
187,Emily,Moore,emoore56@netvibes.com,Russia,Desktop Support Technician
188,William,Carter,wcarter57@sogou.com,Indonesia,Senior Financial Analyst
189,Ernest,Peterson,epeterson58@yelp.com,Egypt,Software Test Engineer III
190,Brian,Wright,bwright59@ebay.co.uk,Indonesia,Professor
191,Mary,Kelley,mkelley5a@ameblo.jp,United States,Account Coordinator
192,Anne,White,awhite5b@list-manage.com,Russia,Pharmacist
193,Andrew,Robinson,arobinson5c@stanford.edu,Poland,Business Systems Development Analyst
194,Martha,Murray,mmurray5d@github.io,Greece,Account Representative IV
195,Martha,Black,mblack5e@lulu.com,French Polynesia,Accounting Assistant III
196,Emily,Larson,elarson5f@biglobe.ne.jp,Argentina,Assistant Media Planner
197,Ashley,Hanson,ahanson5g@flickr.com,China,Financial Analyst
198,Ruby,Greene,rgreene5h@diigo.com,Sweden,Structural Engineer
199,Rachel,Hart,rhart5i@live.com,Poland,Statistician II
200,Craig,Parker,cparker5j@wordpress.org,Argentina,Senior Financial Analyst
201,Terry,Morales,tmorales5k@photobucket.com,Germany,Media Manager III
202,Theresa,Gomez,tgomez5l@sbwire.com,China,Safety Technician III
203,Joshua,Sanchez,jsanchez5m@buzzfeed.com,Ireland,Marketing Assistant
204,Randy,King,rking5n@va.gov,Indonesia,Operator
205,Donald,Clark,dclark5o@gravatar.com,Indonesia,Physical Therapy Assistant
206,Debra,Garcia,dgarcia5p@senate.gov,Japan,Internal Auditor
207,Andrea,Stone,astone5q@mlb.com,Nigeria,Software Test Engineer IV
208,Albert,Stanley,astanley5r@nationalgeographic.com,South Africa,Structural Engineer
209,Sarah,Perkins,sperkins5s@desdev.cn,Mexico,Chemical Engineer
210,Angela,Ortiz,aortiz5t@amazon.de,Philippines,Social Worker
211,Jose,Green,jgreen5u@shutterfly.com,Indonesia,Environmental Specialist
212,Jeremy,Graham,jgraham5v@cornell.edu,United Arab Emirates,Health Coach II
213,Lisa,Patterson,lpatterson5w@meetup.com,Dominican Republic,Food Chemist
214,Catherine,Harvey,charvey5x@edublogs.org,Ukraine,Recruiter
215,Cheryl,Martin,cmartin5y@ed.gov,China,Geologist II
216,Chris,Woods,cwoods5z@mapy.cz,Finland,GIS Technical Architect
217,Brandon,Bowman,bbowman60@who.int,Equatorial Guinea,Human Resources Assistant III
218,Virginia,Adams,vadams61@devhub.com,Nicaragua,Research Associate
219,Nicole,Kim,nkim62@wordpress.org,France,Media Manager I
220,Julia,Phillips,jphillips63@vistaprint.com,Portugal,Speech Pathologist
221,Barbara,Green,bgreen64@cam.ac.uk,Guatemala,Graphic Designer
222,Maria,George,mgeorge65@blog.com,Zambia,Structural Analysis Engineer
223,Christine,Bennett,cbennett66@sina.com.cn,Portugal,Design Engineer
224,Juan,Harvey,jharvey67@about.me,Sweden,Help Desk Technician
225,Alice,Rodriguez,arodriguez68@adobe.com,China,Statistician I
226,James,Evans,jevans69@prnewswire.com,Colombia,General Manager
227,Jeffrey,Fisher,jfisher6a@histats.com,Indonesia,Programmer Analyst IV
228,Benjamin,Harvey,bharvey6b@reverbnation.com,Brazil,Software Engineer II
229,Kevin,Foster,kfoster6c@salon.com,China,Data Coordiator
230,Carolyn,Hanson,chanson6d@umn.edu,China,Software Test Engineer IV
231,Richard,Ross,rross6e@deviantart.com,China,Pharmacist
232,Matthew,Frazier,mfrazier6f@about.me,Indonesia,Media Manager I
233,Fred,Cox,fcox6g@networksolutions.com,Mexico,Assistant Professor
234,Diane,Perkins,dperkins6h@marketwatch.com,Ukraine,Food Chemist
235,Anthony,Hughes,ahughes6i@wikia.com,Indonesia,Civil Engineer
236,Ruby,Smith,rsmith6j@cocolog-nifty.com,Afghanistan,Social Worker
237,Todd,Barnes,tbarnes6k@twitpic.com,Indonesia,Senior Quality Engineer
238,Stephanie,Armstrong,sarmstrong6l@twitpic.com,Philippines,Media Manager II
239,Brenda,Lopez,blopez6m@hao123.com,Portugal,Tax Accountant
240,Evelyn,Palmer,epalmer6n@elegantthemes.com,Thailand,Assistant Professor
241,Edward,Richardson,erichardson6o@ucoz.ru,China,Web Developer I
242,Carl,Howell,chowell6p@wired.com,Peru,Account Coordinator
243,Marilyn,Mcdonald,mmcdonald6q@google.ca,Slovenia,Dental Hygienist
244,Jessica,King,jking6r@infoseek.co.jp,Greece,Data Coordiator
245,Christopher,Peterson,cpeterson6s@ezinearticles.com,Russia,Structural Analysis Engineer
246,Keith,Oliver,koliver6t@google.ca,Poland,Director of Sales
247,Christopher,Smith,csmith6u@google.com,Indonesia,Developer I
248,Edward,Carter,ecarter6v@irs.gov,Mauritania,Geological Engineer
249,Ruby,Jacobs,rjacobs6w@fotki.com,China,Research Associate
250,Steven,Austin,saustin6x@blog.com,China,Occupational Therapist
251,Wayne,Mcdonald,wmcdonald6y@alibaba.com,Myanmar,Software Test Engineer IV
252,Cheryl,Mcdonald,cmcdonald6z@cdbaby.com,Indonesia,Financial Analyst
253,Sandra,Fuller,sfuller70@hubpages.com,Senegal,Structural Engineer
254,Janet,Burton,jburton71@wired.com,China,Nurse
255,David,Knight,dknight72@xrea.com,East Timor,Senior Quality Engineer
256,Alan,Griffin,agriffin73@xrea.com,Sweden,Budget/Accounting Analyst III
257,Annie,Fernandez,afernandez74@123-reg.co.uk,United States,Paralegal
258,Donna,Myers,dmyers75@bizjournals.com,Peru,Senior Financial Analyst
259,Steve,Howard,showard76@symantec.com,Poland,Mechanical Systems Engineer
260,Paula,Barnes,pbarnes77@sakura.ne.jp,Brazil,Pharmacist
261,Carlos,Barnes,cbarnes78@hp.com,Ukraine,Registered Nurse
262,Susan,Hawkins,shawkins79@miitbeian.gov.cn,Japan,Design Engineer
263,Frank,Andrews,fandrews7a@miibeian.gov.cn,Russia,Community Outreach Specialist
264,Melissa,Payne,mpayne7b@jiathis.com,Paraguay,Structural Analysis Engineer
265,Peter,Parker,pparker7c@narod.ru,Russia,Associate Professor
266,Mark,Olson,molson7d@joomla.org,Philippines,VP Product Management
267,Joan,Hanson,jhanson7e@webeden.co.uk,Qatar,General Manager
268,Teresa,Ford,tford7f@addtoany.com,Brazil,Senior Cost Accountant
269,Adam,Price,aprice7g@flickr.com,China,Occupational Therapist
270,Rebecca,Ford,rford7h@csmonitor.com,Costa Rica,Staff Accountant IV
271,Margaret,Cole,mcole7i@phpbb.com,Israel,Analog Circuit Design manager
272,Juan,Sanders,jsanders7j@privacy.gov.au,Philippines,Data Coordiator
273,Matthew,Weaver,mweaver7k@shop-pro.jp,Canada,Chemical Engineer
274,Frank,Cole,fcole7l@merriam-webster.com,China,Marketing Manager
275,Barbara,Davis,bdavis7m@elegantthemes.com,Canada,Accounting Assistant II
276,Dorothy,Reyes,dreyes7n@go.com,China,Account Coordinator
277,Larry,Mcdonald,lmcdonald7o@qq.com,Ireland,Help Desk Technician
278,Robin,Price,rprice7p@freewebs.com,Serbia,Dental Hygienist
279,Janet,Thomas,jthomas7q@whitehouse.gov,China,GIS Technical Architect
280,Juan,Ryan,jryan7r@reference.com,Peru,Speech Pathologist
281,Matthew,Adams,madams7s@live.com,China,Biostatistician III
282,Wayne,White,wwhite7t@vinaora.com,Iran,Director of Sales
283,Katherine,Fowler,kfowler7u@discovery.com,Nigeria,Developer III
284,Ernest,Richards,erichards7v@simplemachines.org,Argentina,Nurse Practicioner
285,Lisa,Jenkins,ljenkins7w@slideshare.net,China,Computer Systems Analyst III
286,Fred,Lawson,flawson7x@bbb.org,Thailand,GIS Technical Architect
287,Nancy,Taylor,ntaylor7y@intel.com,China,Staff Accountant II
288,Benjamin,Walker,bwalker7z@netscape.com,Nigeria,Technical Writer
289,Dennis,Medina,dmedina80@pinterest.com,China,Computer Systems Analyst II
290,Jason,Boyd,jboyd81@columbia.edu,Czech Republic,Food Chemist
291,Donald,Stewart,dstewart82@simplemachines.org,France,Nurse Practicioner
292,Michael,Jones,mjones83@ucsd.edu,Ukraine,Project Manager
293,Roger,Mitchell,rmitchell84@mapy.cz,Sweden,Occupational Therapist
294,Ernest,Elliott,eelliott85@weibo.com,Finland,Software Test Engineer II
295,Harry,Ryan,hryan86@fastcompany.com,Russia,Junior Executive
296,Michael,Carter,mcarter87@pagesperso-orange.fr,Philippines,Social Worker
297,Donald,Davis,ddavis88@angelfire.com,Kyrgyzstan,Junior Executive
298,Gloria,Kelly,gkelly89@fastcompany.com,Italy,Budget/Accounting Analyst II
299,William,Martin,wmartin8a@google.com.au,Indonesia,Assistant Manager
300,Patricia,Gomez,pgomez8b@dedecms.com,Sweden,GIS Technical Architect
301,Kevin,Hall,khall8c@naver.com,Philippines,Safety Technician II
302,Jimmy,Fields,jfields8d@digg.com,Colombia,Occupational Therapist
303,Brenda,Cruz,bcruz8e@hatena.ne.jp,Japan,Human Resources Manager
304,Gerald,Morrison,gmorrison8f@howstuffworks.com,Peru,Occupational Therapist
305,Kathryn,Grant,kgrant8g@tumblr.com,China,Recruiting Manager
306,Patricia,Morris,pmorris8h@skyrock.com,Luxembourg,Product Engineer
307,Cheryl,Watson,cwatson8i@google.cn,China,Accounting Assistant II
308,Janice,Wallace,jwallace8j@bbc.co.uk,Russia,Cost Accountant
309,Jeremy,Campbell,jcampbell8k@multiply.com,Indonesia,Community Outreach Specialist
310,Randy,Henderson,rhenderson8l@scientificamerican.com,Greenland,Information Systems Manager
311,Gerald,Andrews,gandrews8m@lycos.com,Sweden,Clinical Specialist
312,Pamela,Jackson,pjackson8n@bloomberg.com,Russia,Teacher
313,Doris,Porter,dporter8o@webnode.com,Albania,Account Coordinator
314,Martha,Welch,mwelch8p@nhs.uk,China,Account Representative III
315,Gloria,Cruz,gcruz8q@behance.net,Namibia,VP Quality Control
316,Bobby,Sanders,bsanders8r@google.ru,Mexico,Structural Analysis Engineer
317,Jennifer,Daniels,jdaniels8s@yahoo.co.jp,China,Data Coordiator
318,Ronald,Morrison,rmorrison8t@salon.com,China,Marketing Assistant
319,Louis,Bryant,lbryant8u@sbwire.com,Nigeria,Civil Engineer
320,Randy,Butler,rbutler8v@mlb.com,Indonesia,Legal Assistant
321,Samuel,Roberts,sroberts8w@dell.com,Philippines,Product Engineer
322,Chris,Bailey,cbailey8x@wiley.com,Peru,VP Product Management
323,Scott,Hamilton,shamilton8y@java.com,Portugal,Structural Engineer
324,Louis,Hamilton,lhamilton8z@miibeian.gov.cn,China,Financial Advisor
325,Helen,Williams,hwilliams90@senate.gov,Sweden,Registered Nurse
326,Edward,Porter,eporter91@businessweek.com,Peru,Senior Quality Engineer
327,Dorothy,Graham,dgraham92@technorati.com,Poland,Actuary
328,Irene,Moore,imoore93@epa.gov,Ireland,Biostatistician I
329,Lisa,Phillips,lphillips94@feedburner.com,China,Safety Technician IV
330,Frances,Allen,fallen95@state.gov,Indonesia,Junior Executive
331,Tina,Perry,tperry96@nbcnews.com,Japan,Environmental Specialist
332,Virginia,Wheeler,vwheeler97@lycos.com,Russia,Analog Circuit Design manager
333,Donald,Lee,dlee98@multiply.com,Russia,General Manager
334,Anne,Alvarez,aalvarez99@flavors.me,Colombia,Administrative Assistant I
335,Linda,Foster,lfoster9a@pbs.org,Norway,Nurse Practicioner
336,Joe,Hicks,jhicks9b@buzzfeed.com,Czech Republic,Information Systems Manager
337,Christine,Williams,cwilliams9c@github.io,Dominican Republic,Accountant III
338,Andrew,Lopez,alopez9d@bing.com,China,Web Designer IV
339,Ruby,Murray,rmurray9e@va.gov,Poland,Actuary
340,Jack,Stone,jstone9f@google.com.au,Indonesia,Junior Executive
341,Melissa,Johnston,mjohnston9g@microsoft.com,Japan,Software Engineer I
342,Annie,Ellis,aellis9h@twitter.com,Greece,Editor
343,Steven,Rivera,srivera9i@yale.edu,New Zealand,Account Representative I
344,Tina,Gonzalez,tgonzalez9j@jalbum.net,Poland,Project Manager
345,Teresa,Hall,thall9k@seesaa.net,Russia,Tax Accountant
346,Cheryl,Armstrong,carmstrong9l@abc.net.au,China,Systems Administrator II
347,Kathleen,Diaz,kdiaz9m@joomla.org,China,VP Product Management
348,Albert,Patterson,apatterson9n@miibeian.gov.cn,Czech Republic,VP Product Management
349,Barbara,Grant,bgrant9o@wsj.com,Haiti,Accounting Assistant II
350,Adam,Montgomery,amontgomery9p@yahoo.com,Portugal,Senior Sales Associate
351,Eric,Coleman,ecoleman9q@flickr.com,China,Senior Quality Engineer
352,Daniel,Daniels,ddaniels9r@va.gov,Poland,Physical Therapy Assistant
353,Beverly,Welch,bwelch9s@house.gov,Panama,Staff Accountant III
354,Lawrence,White,lwhite9t@rambler.ru,China,Senior Developer
355,Melissa,Young,myoung9u@free.fr,Nigeria,GIS Technical Architect
356,Scott,Reynolds,sreynolds9v@sogou.com,Brazil,Office Assistant II
357,Earl,Holmes,eholmes9w@geocities.jp,China,Nurse
358,Peter,Ramos,pramos9x@mozilla.org,Indonesia,Budget/Accounting Analyst IV
359,Jesse,Marshall,jmarshall9y@bloglines.com,China,Technical Writer
360,Ryan,Medina,rmedina9z@wix.com,Lesotho,VP Product Management
361,Frances,Lawson,flawsona0@w3.org,Canada,Staff Accountant IV
362,Gloria,Burton,gburtona1@printfriendly.com,China,Product Engineer
363,Anthony,Williamson,awilliamsona2@cnbc.com,United States,Analyst Programmer
364,Ernest,Watkins,ewatkinsa3@mapquest.com,Ethiopia,Data Coordiator
365,Nicole,Mcdonald,nmcdonalda4@npr.org,China,General Manager
366,Howard,Owens,howensa5@rediff.com,Argentina,Data Coordiator
367,Henry,Matthews,hmatthewsa6@cdbaby.com,Netherlands,Desktop Support Technician
368,Mark,Sullivan,msullivana7@drupal.org,Czech Republic,Quality Engineer
369,Benjamin,Stevens,bstevensa8@purevolume.com,Sweden,Analog Circuit Design manager
370,Douglas,Rice,dricea9@ovh.net,United States,Community Outreach Specialist
371,Teresa,Flores,tfloresaa@arstechnica.com,China,Environmental Specialist
372,Johnny,Johnston,jjohnstonab@soundcloud.com,Russia,Product Engineer
373,Matthew,Robertson,mrobertsonac@wikimedia.org,Portugal,Automation Specialist II
374,Douglas,Frazier,dfrazierad@seesaa.net,Maldives,Senior Developer
375,Jacqueline,Baker,jbakerae@dmoz.org,Poland,Safety Technician II
376,Phyllis,Campbell,pcampbellaf@nhs.uk,Indonesia,Assistant Professor
377,Jean,Duncan,jduncanag@xinhuanet.com,Brazil,Marketing Manager
378,Brenda,Hudson,bhudsonah@seattletimes.com,Ukraine,Paralegal
379,Lisa,Ramirez,lramirezai@amazonaws.com,Angola,Database Administrator I
380,Juan,Gardner,jgardneraj@weebly.com,Kazakhstan,Research Associate
381,Tina,Porter,tporterak@google.fr,Sweden,Teacher
382,Ronald,Ramirez,rramirezal@imgur.com,Philippines,VP Marketing
383,Mark,Henry,mhenryam@chicagotribune.com,Nigeria,Marketing Assistant
384,Timothy,Pierce,tpiercean@parallels.com,Indonesia,Programmer Analyst I
385,David,Peters,dpetersao@blogspot.com,China,Data Coordiator
386,Dorothy,Carr,dcarrap@studiopress.com,China,Environmental Tech
387,Christopher,Lawson,clawsonaq@cafepress.com,Thailand,Paralegal
388,Christopher,Chavez,cchavezar@nsw.gov.au,China,Senior Financial Analyst
389,Justin,Davis,jdavisas@e-recht24.de,Philippines,Food Chemist
390,Steven,Parker,sparkerat@mediafire.com,Moldova,Financial Analyst
391,Ryan,Moreno,rmorenoau@ask.com,Peru,Librarian
392,Tina,Davis,tdavisav@netscape.com,Canada,Account Executive
393,Kimberly,Jones,kjonesaw@desdev.cn,Indonesia,Quality Engineer
394,Carol,Carter,ccarterax@ftc.gov,Indonesia,Cost Accountant
395,Denise,Banks,dbanksay@odnoklassniki.ru,Madagascar,Systems Administrator II
396,Juan,Perez,jperezaz@gov.uk,Philippines,Project Manager
397,Diana,Fowler,dfowlerb0@vkontakte.ru,Colombia,Electrical Engineer
398,Louise,Patterson,lpattersonb1@statcounter.com,China,Tax Accountant
399,Jesse,Romero,jromerob2@storify.com,Portugal,Data Coordiator
400,Anne,Rice,ariceb3@latimes.com,Poland,Executive Secretary
401,Jesse,Stewart,jstewartb4@unblog.fr,Nigeria,Pharmacist
402,Jennifer,Lopez,jlopezb5@freewebs.com,China,Product Engineer
403,Kelly,Knight,kknightb6@nbcnews.com,Japan,Mechanical Systems Engineer
404,Jack,Larson,jlarsonb7@dagondesign.com,Indonesia,Staff Scientist
405,Steven,Howard,showardb8@omniture.com,Philippines,Speech Pathologist
406,Carolyn,Ortiz,cortizb9@scientificamerican.com,Russia,Account Coordinator
407,Margaret,Matthews,mmatthewsba@elpais.com,Czech Republic,Database Administrator IV
408,Ronald,Oliver,roliverbb@hud.gov,Mauritania,Senior Developer
409,Jonathan,Nelson,jnelsonbc@clickbank.net,Nauru,Compensation Analyst
410,Jack,Reyes,jreyesbd@pcworld.com,China,Associate Professor
411,Sarah,Weaver,sweaverbe@spiegel.de,Sweden,Graphic Designer
412,Janet,Thompson,jthompsonbf@posterous.com,Indonesia,Engineer IV
413,Kathy,Lewis,klewisbg@ucla.edu,Argentina,Executive Secretary
414,Jose,Andrews,jandrewsbh@ehow.com,Malaysia,Design Engineer
415,Angela,Hughes,ahughesbi@aboutads.info,China,Structural Analysis Engineer
416,Sharon,Rose,srosebj@slashdot.org,China,Nurse
417,Doris,Miller,dmillerbk@bloglines.com,Russia,Marketing Assistant
418,Rebecca,Hicks,rhicksbl@wix.com,Jamaica,Speech Pathologist
419,Aaron,Alexander,aalexanderbm@networksolutions.com,Belarus,Senior Developer
420,Betty,Ellis,bellisbn@cbc.ca,Poland,Budget/Accounting Analyst III
421,Martin,Cooper,mcooperbo@dot.gov,Indonesia,Graphic Designer
422,Frances,Thomas,fthomasbp@cocolog-nifty.com,Croatia,Social Worker
423,Ronald,Harrison,rharrisonbq@angelfire.com,Croatia,Account Coordinator
424,Eugene,Smith,esmithbr@sciencedaily.com,Brazil,Geologist II
425,Ernest,Alvarez,ealvarezbs@independent.co.uk,Philippines,Biostatistician II
426,Shawn,Barnes,sbarnesbt@mashable.com,Mali,Actuary
427,Lillian,Morrison,lmorrisonbu@tamu.edu,East Timor,Nuclear Power Engineer
428,Antonio,Crawford,acrawfordbv@sbwire.com,Uruguay,Design Engineer
429,Tina,Clark,tclarkbw@nydailynews.com,Thailand,Paralegal
430,Kathy,Miller,kmillerbx@over-blog.com,Indonesia,Media Manager III
431,Shawn,Martin,smartinby@hibu.com,Belarus,Director of Sales
432,Douglas,Hudson,dhudsonbz@alexa.com,Bangladesh,Social Worker
433,Andrea,Williams,awilliamsc0@furl.net,Sweden,Staff Accountant I
434,William,Medina,wmedinac1@webnode.com,France,Assistant Professor
435,Benjamin,Allen,ballenc2@bing.com,France,Help Desk Technician
436,Keith,Mitchell,kmitchellc3@facebook.com,Indonesia,Nurse
437,Rachel,Green,rgreenc4@photobucket.com,Sweden,Developer II
438,Stephen,Boyd,sboydc5@hatena.ne.jp,China,Automation Specialist I
439,Michael,Lewis,mlewisc6@odnoklassniki.ru,Ukraine,Geologist II
440,Steven,Roberts,srobertsc7@zdnet.com,Philippines,Budget/Accounting Analyst II
441,Joyce,Carr,jcarrc8@washington.edu,Ireland,Pharmacist
442,Charles,Diaz,cdiazc9@bluehost.com,China,Nuclear Power Engineer
443,Judith,Reid,jreidca@sourceforge.net,Colombia,Desktop Support Technician
444,Michelle,Schmidt,mschmidtcb@tmall.com,Albania,Senior Quality Engineer
445,Emily,Cruz,ecruzcc@creativecommons.org,China,Assistant Media Planner
446,Keith,Carroll,kcarrollcd@toplist.cz,Indonesia,Media Manager I
447,Gerald,Fox,gfoxce@nytimes.com,Russia,Teacher
448,Terry,Webb,twebbcf@wikia.com,China,Environmental Specialist
449,Anna,Sullivan,asullivancg@hhs.gov,Russia,Information Systems Manager
450,Joan,Ellis,jellisch@ifeng.com,Vietnam,Senior Sales Associate
451,John,Williams,jwilliamsci@sbwire.com,Brazil,Occupational Therapist
452,Kelly,Mitchell,kmitchellcj@oaic.gov.au,France,General Manager
453,Bruce,Fields,bfieldsck@yahoo.com,Vietnam,Web Developer IV
454,Kimberly,Flores,kflorescl@ning.com,France,Project Manager
455,Diane,Lopez,dlopezcm@theatlantic.com,Guatemala,Media Manager IV
456,Katherine,Bradley,kbradleycn@zimbio.com,Peru,Electrical Engineer
457,Patricia,Willis,pwillisco@fc2.com,Nigeria,Financial Advisor
458,Joseph,Boyd,jboydcp@tmall.com,China,Developer III
459,Benjamin,Gardner,bgardnercq@wikimedia.org,Russia,Help Desk Operator
460,Jason,Ford,jfordcr@over-blog.com,Netherlands,Dental Hygienist
461,Ruth,Gilbert,rgilbertcs@bloglines.com,Indonesia,Junior Executive
462,Frank,Kelley,fkelleyct@apache.org,Ireland,Statistician III
463,Scott,Morales,smoralescu@google.fr,United States,VP Sales
464,Billy,Simpson,bsimpsoncv@loc.gov,France,Programmer II
465,George,Medina,gmedinacw@nyu.edu,Bangladesh,Nuclear Power Engineer
466,Thomas,Robinson,trobinsoncx@addtoany.com,Israel,Product Engineer
467,Heather,Mccoy,hmccoycy@imgur.com,Russia,Human Resources Assistant III
468,Sandra,Anderson,sandersoncz@slashdot.org,Canada,Developer IV
469,Sean,Peters,spetersd0@squarespace.com,China,Help Desk Technician
470,Christine,Reynolds,creynoldsd1@behance.net,Indonesia,Senior Editor
471,Christine,Gray,cgrayd2@wiley.com,Honduras,Marketing Assistant
472,Brian,Stephens,bstephensd3@statcounter.com,Gambia,Research Nurse
473,Andrea,Armstrong,aarmstrongd4@nasa.gov,South Africa,Marketing Manager
474,Craig,Marshall,cmarshalld5@so-net.ne.jp,Brazil,Software Engineer IV
475,Ashley,Banks,abanksd6@parallels.com,Netherlands,Accountant I
476,Mary,Mccoy,mmccoyd7@vk.com,Indonesia,Chief Design Engineer
477,Craig,Palmer,cpalmerd8@mlb.com,Portugal,Civil Engineer
478,Linda,Morales,lmoralesd9@bizjournals.com,Indonesia,Web Developer III
479,Ann,Cook,acookda@dailymail.co.uk,Jordan,Community Outreach Specialist
480,Thomas,Alexander,talexanderdb@china.com.cn,Philippines,Nuclear Power Engineer
481,Sean,Bryant,sbryantdc@quantcast.com,China,Staff Accountant I
482,Jacqueline,Dixon,jdixondd@tumblr.com,China,Financial Advisor
483,Bonnie,Williams,bwilliamsde@constantcontact.com,China,Environmental Tech
484,Jeffrey,Brooks,jbrooksdf@artisteer.com,Nigeria,Staff Accountant II
485,Charles,Jones,cjonesdg@prweb.com,Peru,Physical Therapy Assistant
486,Diane,Nelson,dnelsondh@amazon.co.jp,China,Quality Engineer
487,Donna,Jacobs,djacobsdi@gmpg.org,Philippines,Senior Cost Accountant
488,Keith,Gomez,kgomezdj@weibo.com,Poland,Clinical Specialist
489,Ann,Miller,amillerdk@go.com,Argentina,Cost Accountant
490,Bobby,Knight,bknightdl@hud.gov,Kazakhstan,VP Sales
491,Donna,Lewis,dlewisdm@soundcloud.com,Georgia,Accounting Assistant IV
492,Alice,Hicks,ahicksdn@cmu.edu,Indonesia,Nurse
493,Jimmy,Anderson,jandersondo@lulu.com,Indonesia,VP Quality Control
494,Paula,Willis,pwillisdp@blogger.com,Argentina,Help Desk Technician
495,Ralph,Knight,rknightdq@netscape.com,Indonesia,Engineer I
496,Victor,Hayes,vhayesdr@guardian.co.uk,Russia,Registered Nurse
497,Kevin,Warren,kwarrends@fastcompany.com,China,Administrative Assistant IV
498,Jean,Rice,jricedt@hubpages.com,China,Software Consultant
499,Frances,Ward,fwarddu@uiuc.edu,China,Business Systems Development Analyst
500,Christopher,Fisher,cfisherdv@cnn.com,Argentina,General Manager
501,Steven,Webb,swebbdw@guardian.co.uk,Russia,Product Engineer
502,Jose,Lynch,jlynchdx@archive.org,China,Legal Assistant
503,Karen,Welch,kwelchdy@printfriendly.com,Japan,Administrative Assistant III
504,Evelyn,Robinson,erobinsondz@buzzfeed.com,Ukraine,Occupational Therapist
505,Alice,Welch,awelche0@tmall.com,Russia,Accountant III
506,Joshua,Evans,jevanse1@prweb.com,China,Software Engineer III
507,Phillip,White,pwhitee2@skype.com,Iraq,Staff Accountant IV
508,Billy,Wilson,bwilsone3@forbes.com,Indonesia,Recruiting Manager
509,Stephanie,Simpson,ssimpsone4@ihg.com,Sri Lanka,Nurse
510,Adam,Nguyen,anguyene5@yolasite.com,Greece,GIS Technical Architect
511,Lois,Kim,lkime6@ow.ly,Japan,Nurse Practicioner
512,Brenda,Gordon,bgordone7@cdc.gov,China,Automation Specialist II
513,Brenda,Walker,bwalkere8@xinhuanet.com,China,Engineer I
514,Laura,Reynolds,lreynoldse9@ameblo.jp,Thailand,Registered Nurse
515,Brenda,Simpson,bsimpsonea@360.cn,Peru,Help Desk Operator
516,Sandra,Riley,srileyeb@homestead.com,Costa Rica,Help Desk Technician
517,Matthew,Gonzales,mgonzalesec@instagram.com,Honduras,GIS Technical Architect
518,Lawrence,Ferguson,lfergusoned@tuttocitta.it,Argentina,Associate Professor
519,Brian,Cox,bcoxee@google.com.hk,China,Biostatistician II
520,Joshua,Stephens,jstephensef@dropbox.com,Venezuela,Product Engineer
521,Adam,Reid,areideg@usnews.com,Spain,Nurse Practicioner
522,Jennifer,Hall,jhalleh@vimeo.com,Portugal,Staff Scientist
523,Gloria,Price,gpriceei@histats.com,Poland,Environmental Specialist
524,Philip,Johnson,pjohnsonej@uiuc.edu,Brazil,Analog Circuit Design manager
525,Clarence,Jenkins,cjenkinsek@nba.com,Indonesia,Administrative Assistant IV
526,Jimmy,Reyes,jreyesel@whitehouse.gov,Russia,Junior Executive
527,Patrick,Gordon,pgordonem@apple.com,Philippines,Chemical Engineer
528,Linda,Clark,lclarken@mozilla.org,Russia,Civil Engineer
529,Henry,Richardson,hrichardsoneo@e-recht24.de,Russia,Compensation Analyst
530,Randy,Roberts,rrobertsep@domainmarket.com,Philippines,Cost Accountant
531,Phillip,Nelson,pnelsoneq@1688.com,Malaysia,Staff Scientist
532,Fred,Collins,fcollinser@sciencedaily.com,China,Civil Engineer
533,Matthew,Rogers,mrogerses@msu.edu,Indonesia,Software Engineer IV
534,Daniel,Cole,dcoleet@aboutads.info,Philippines,Financial Advisor
535,Mildred,Diaz,mdiazeu@cornell.edu,Russia,GIS Technical Architect
536,Lawrence,Mason,lmasonev@tmall.com,France,Sales Representative
537,Ruth,Price,rpriceew@cisco.com,Thailand,Tax Accountant
538,Juan,Foster,jfosterex@dropbox.com,Colombia,VP Quality Control
539,Johnny,Hunter,jhunterey@economist.com,Poland,Research Assistant IV
540,Pamela,Weaver,pweaverez@skyrock.com,Bolivia,Human Resources Assistant III
541,Johnny,Oliver,joliverf0@geocities.com,Honduras,Senior Cost Accountant
542,Harold,Stevens,hstevensf1@cpanel.net,Russia,VP Quality Control
543,Betty,Reed,breedf2@desdev.cn,Portugal,Human Resources Assistant II
544,Wayne,Meyer,wmeyerf3@dailymail.co.uk,Czech Republic,Recruiting Manager
545,Samuel,Reed,sreedf4@bloomberg.com,Russia,Junior Executive
546,Sandra,Morrison,smorrisonf5@miitbeian.gov.cn,Morocco,Compensation Analyst
547,Elizabeth,Scott,escottf6@smh.com.au,Poland,Software Engineer III
548,Dennis,Olson,dolsonf7@de.vu,China,VP Quality Control
549,Phillip,Garza,pgarzaf8@squidoo.com,China,Pharmacist
550,Anna,Garrett,agarrettf9@indiatimes.com,France,Marketing Manager
551,Richard,Dean,rdeanfa@thetimes.co.uk,Serbia,Geologist I
552,Jane,Phillips,jphillipsfb@fastcompany.com,Russia,Web Developer II
553,Larry,Smith,lsmithfc@prweb.com,China,Structural Engineer
554,Carl,Ray,crayfd@geocities.jp,Comoros,Dental Hygienist
555,Matthew,Dunn,mdunnfe@yelp.com,Indonesia,Programmer Analyst III
556,Richard,Gutierrez,rgutierrezff@webeden.co.uk,Portugal,Programmer Analyst II
557,Angela,Ray,arayfg@hhs.gov,Brazil,Help Desk Technician
558,Barbara,Sims,bsimsfh@liveinternet.ru,Sweden,Senior Sales Associate
559,Helen,Bradley,hbradleyfi@cnbc.com,Philippines,Dental Hygienist
560,Clarence,Murphy,cmurphyfj@barnesandnoble.com,Japan,Paralegal
561,Jose,Lane,jlanefk@infoseek.co.jp,Brazil,Developer III
562,Charles,Richardson,crichardsonfl@alibaba.com,Indonesia,Librarian
563,Ruth,Lawrence,rlawrencefm@mediafire.com,Philippines,Civil Engineer
564,Howard,Hawkins,hhawkinsfn@thetimes.co.uk,France,Software Test Engineer IV
565,Bruce,Johnston,bjohnstonfo@ca.gov,Czech Republic,Environmental Specialist
566,Jessica,Watson,jwatsonfp@businesswire.com,Russia,Environmental Specialist
567,Helen,Lee,hleefq@reverbnation.com,Kyrgyzstan,Junior Executive
568,Carol,Hall,challfr@slashdot.org,China,Product Engineer
569,Bobby,Moore,bmoorefs@biblegateway.com,Peru,Assistant Media Planner
570,Paul,Ward,pwardft@springer.com,Afghanistan,Environmental Tech
571,Jane,Mccoy,jmccoyfu@army.mil,Philippines,Assistant Professor
572,Jessica,Ramirez,jramirezfv@free.fr,Albania,Database Administrator I
573,Christina,Lee,cleefw@livejournal.com,Malaysia,Information Systems Manager
574,Rose,Stephens,rstephensfx@washingtonpost.com,Egypt,Occupational Therapist
575,Roger,Cook,rcookfy@eventbrite.com,China,Data Coordiator
576,Anna,Carter,acarterfz@google.com,Peru,Staff Scientist
577,Ruby,Parker,rparkerg0@toplist.cz,Russia,Human Resources Manager
578,Angela,Stone,astoneg1@yolasite.com,Bosnia and Herzegovina,Director of Sales
579,Juan,Jenkins,jjenkinsg2@columbia.edu,Luxembourg,Software Engineer III
580,Ann,Murphy,amurphyg3@youtu.be,Saudi Arabia,Research Assistant I
581,Ryan,Murphy,rmurphyg4@vistaprint.com,China,Civil Engineer
582,Christopher,Lawson,clawsong5@cnbc.com,Central African Republic,Programmer Analyst II
583,Janice,Owens,jowensg6@linkedin.com,Indonesia,Account Executive
584,Justin,Woods,jwoodsg7@youku.com,Ukraine,Data Coordiator
585,Nancy,King,nkingg8@alibaba.com,Poland,Human Resources Assistant IV
586,Raymond,Butler,rbutlerg9@vk.com,Palestinian Territory,Accounting Assistant IV
587,Justin,Patterson,jpattersonga@buzzfeed.com,China,Web Developer III
588,Benjamin,Willis,bwillisgb@comcast.net,Guatemala,Health Coach IV
589,Peter,Alvarez,palvarezgc@chron.com,Sweden,Director of Sales
590,Scott,Peters,spetersgd@netscape.com,Canada,Analog Circuit Design manager
591,Arthur,Sullivan,asullivange@last.fm,Greece,Office Assistant III
592,Shirley,Taylor,staylorgf@earthlink.net,Ukraine,Director of Sales
593,Catherine,Brooks,cbrooksgg@squarespace.com,Croatia,Automation Specialist IV
594,Michael,Gomez,mgomezgh@house.gov,New Zealand,Senior Quality Engineer
595,Alice,Jackson,ajacksongi@netvibes.com,Malta,Recruiting Manager
596,Jonathan,Gutierrez,jgutierrezgj@about.com,Vietnam,Senior Financial Analyst
597,Bruce,Clark,bclarkgk@ucla.edu,Brazil,Junior Executive
598,Peter,Andrews,pandrewsgl@narod.ru,Indonesia,Nuclear Power Engineer
599,Henry,Nelson,hnelsongm@narod.ru,China,Assistant Manager
600,Donald,Dixon,ddixongn@google.nl,Thailand,Environmental Tech
601,Donna,Nelson,dnelsongo@europa.eu,South Korea,Senior Cost Accountant
602,Theresa,Castillo,tcastillogp@twitpic.com,United States,Librarian
603,Craig,Matthews,cmatthewsgq@fema.gov,Portugal,Legal Assistant
604,Russell,Fisher,rfishergr@ebay.co.uk,China,VP Marketing
605,Lisa,Ferguson,lfergusongs@liveinternet.ru,France,Chemical Engineer
606,Frank,Griffin,fgriffingt@artisteer.com,Ukraine,Tax Accountant
607,Barbara,Gray,bgraygu@phoca.cz,China,Assistant Manager
608,Robin,Stone,rstonegv@devhub.com,Poland,Administrative Assistant IV
609,Sean,Spencer,sspencergw@redcross.org,Russia,Business Systems Development Analyst
610,Larry,Hall,lhallgx@nydailynews.com,Brazil,Geologist II
611,Teresa,Stephens,tstephensgy@google.com,Portugal,Sales Representative
612,Joseph,Berry,jberrygz@freewebs.com,China,Director of Sales
613,Jose,Bennett,jbennetth0@canalblog.com,Brazil,Assistant Manager
614,Kenneth,Wells,kwellsh1@scientificamerican.com,Czech Republic,Statistician IV
615,Janet,Stephens,jstephensh2@bizjournals.com,Greece,Teacher
616,Ashley,Moore,amooreh3@typepad.com,Peru,Marketing Manager
617,Rose,Bishop,rbishoph4@bbb.org,Greece,Speech Pathologist
618,Sara,Garrett,sgarretth5@dmoz.org,China,Analog Circuit Design manager
619,Jeremy,Watkins,jwatkinsh6@creativecommons.org,Mongolia,Nurse Practicioner
620,Debra,Knight,dknighth7@dyndns.org,China,Sales Representative
621,Tina,Dunn,tdunnh8@cbslocal.com,China,Engineer III
622,Lori,Ward,lwardh9@github.io,Indonesia,VP Product Management
623,Catherine,Price,cpriceha@a8.net,Portugal,Account Coordinator
624,Carl,Gomez,cgomezhb@i2i.jp,Argentina,Structural Analysis Engineer
625,Sean,Edwards,sedwardshc@jiathis.com,Ukraine,Sales Associate
626,Scott,Watkins,swatkinshd@feedburner.com,Malaysia,Actuary
627,Johnny,Wright,jwrighthe@bloglines.com,Spain,Physical Therapy Assistant
628,Julie,Nelson,jnelsonhf@wunderground.com,Mexico,Biostatistician III
629,Fred,Fernandez,ffernandezhg@fotki.com,Russia,Human Resources Assistant IV
630,Peter,Hawkins,phawkinshh@rakuten.co.jp,China,Occupational Therapist
631,Irene,Anderson,iandersonhi@stanford.edu,Croatia,Financial Advisor
632,Linda,Turner,lturnerhj@kickstarter.com,Indonesia,Analyst Programmer
633,Billy,Owens,bowenshk@ovh.net,Democratic Republic of the Congo,Geologist IV
634,Paul,Owens,powenshl@constantcontact.com,Brazil,Sales Representative
635,Martha,Griffin,mgriffinhm@gnu.org,China,Safety Technician II
636,Lori,Taylor,ltaylorhn@google.com.hk,Peru,Paralegal
637,Dorothy,Fowler,dfowlerho@t.co,Portugal,Actuary
638,Anne,Ray,arayhp@berkeley.edu,Costa Rica,Senior Quality Engineer
639,Willie,Gonzales,wgonzaleshq@typepad.com,Bulgaria,Assistant Media Planner
640,Scott,Fuller,sfullerhr@fc2.com,China,Quality Engineer
641,Robert,Price,rpricehs@dropbox.com,Nigeria,Physical Therapy Assistant
642,Irene,Fields,ifieldsht@flickr.com,Slovenia,Junior Executive
643,Dennis,Bennett,dbennetthu@discuz.net,China,Speech Pathologist
644,Victor,Alexander,valexanderhv@columbia.edu,Brazil,Administrative Assistant IV
645,Martha,Stewart,mstewarthw@tuttocitta.it,Philippines,Developer IV
646,Diana,Fox,dfoxhx@epa.gov,Portugal,Health Coach IV
647,Jimmy,Cook,jcookhy@bbc.co.uk,Malaysia,Senior Quality Engineer
648,Dennis,Perry,dperryhz@cmu.edu,Togo,Sales Associate
649,Henry,George,hgeorgei0@vk.com,Colombia,Social Worker
650,Ashley,Meyer,ameyeri1@chron.com,China,Design Engineer
651,Katherine,Roberts,krobertsi2@google.nl,Bosnia and Herzegovina,Product Engineer
652,Paula,Lewis,plewisi3@paypal.com,China,Clinical Specialist
653,Aaron,Sanders,asandersi4@opensource.org,Philippines,Web Designer I
654,Jack,Jacobs,jjacobsi5@omniture.com,China,Project Manager
655,Diane,Cox,dcoxi6@baidu.com,Russia,Nurse
656,Gloria,Rivera,griverai7@deviantart.com,China,Marketing Manager
657,Albert,Adams,aadamsi8@businesswire.com,Poland,Statistician I
658,Bobby,Robertson,brobertsoni9@dion.ne.jp,China,Design Engineer
659,Howard,Hayes,hhayesia@bigcartel.com,Egypt,Community Outreach Specialist
660,Johnny,Gordon,jgordonib@senate.gov,Philippines,Automation Specialist I
661,Judy,Nichols,jnicholsic@networkadvertising.org,China,Analyst Programmer
662,Roy,Allen,rallenid@jugem.jp,Russia,Chief Design Engineer
663,Judy,Gonzales,jgonzalesie@opera.com,Brazil,Business Systems Development Analyst
664,William,Grant,wgrantif@admin.ch,Iceland,Paralegal
665,Bobby,Gordon,bgordonig@economist.com,Iceland,Internal Auditor
666,Carol,Pierce,cpierceih@acquirethisname.com,United States,Research Assistant I
667,Phyllis,Simpson,psimpsonii@edublogs.org,China,Food Chemist
668,Theresa,Butler,tbutlerij@geocities.jp,Greece,Staff Scientist
669,Betty,Bell,bbellik@cnbc.com,China,Speech Pathologist
670,Christina,Sullivan,csullivanil@pen.io,China,Editor
671,Lisa,Anderson,landersonim@smugmug.com,Bosnia and Herzegovina,VP Product Management
672,Steven,Wheeler,swheelerin@mail.ru,Poland,Teacher
673,Carlos,Graham,cgrahamio@xrea.com,Indonesia,Senior Editor
674,Jacqueline,Chavez,jchavezip@xinhuanet.com,Indonesia,Electrical Engineer
675,Janice,Gutierrez,jgutierreziq@yellowpages.com,Indonesia,Engineer III
676,Shirley,Hayes,shayesir@fema.gov,China,Clinical Specialist
677,Judy,Freeman,jfreemanis@behance.net,Venezuela,Legal Assistant
678,Rachel,Harvey,rharveyit@umn.edu,China,Chemical Engineer
679,Larry,Hernandez,lhernandeziu@nih.gov,Indonesia,Teacher
680,William,Hayes,whayesiv@goodreads.com,Indonesia,Operator
681,Samuel,Bell,sbelliw@sciencedirect.com,Japan,Recruiting Manager
682,Jennifer,Arnold,jarnoldix@whitehouse.gov,China,Operator
683,James,Harrison,jharrisoniy@adobe.com,Kazakhstan,Research Associate
684,Anna,Williamson,awilliamsoniz@constantcontact.com,China,Programmer III
685,Jeffrey,Collins,jcollinsj0@uol.com.br,Canada,Sales Representative
686,Joe,Hansen,jhansenj1@wiley.com,Indonesia,Project Manager
687,Joan,Morrison,jmorrisonj2@cornell.edu,Georgia,Occupational Therapist
688,Lawrence,Johnston,ljohnstonj3@webeden.co.uk,Kazakhstan,Staff Scientist
689,Frank,Thompson,fthompsonj4@engadget.com,Peru,Desktop Support Technician
690,Ronald,King,rkingj5@msn.com,Paraguay,Director of Sales
691,Theresa,Rogers,trogersj6@drupal.org,Kazakhstan,Web Developer I
692,Helen,Butler,hbutlerj7@nhs.uk,Japan,Senior Quality Engineer
693,Ann,Thompson,athompsonj8@github.io,China,Human Resources Assistant III
694,Juan,Peters,jpetersj9@seattletimes.com,Poland,Compensation Analyst
695,Adam,Chapman,achapmanja@skype.com,Peru,Community Outreach Specialist
696,Sean,Rogers,srogersjb@nymag.com,Argentina,Database Administrator II
697,Phyllis,Payne,ppaynejc@pen.io,Canada,Design Engineer
698,Gerald,Cunningham,gcunninghamjd@examiner.com,Indonesia,Senior Editor
699,Paul,Hicks,phicksje@biglobe.ne.jp,Sweden,Civil Engineer
700,Beverly,Lynch,blynchjf@netscape.com,Poland,Executive Secretary
701,Jennifer,Larson,jlarsonjg@instagram.com,China,Recruiter
702,Henry,Snyder,hsnyderjh@hibu.com,Indonesia,Sales Representative
703,Wanda,Kim,wkimji@go.com,France,Desktop Support Technician
704,Annie,Ray,arayjj@admin.ch,United States,Nuclear Power Engineer
705,Jack,Stewart,jstewartjk@ftc.gov,Costa Rica,Health Coach III
706,Phillip,Hughes,phughesjl@people.com.cn,Austria,Environmental Specialist
707,Justin,Garrett,jgarrettjm@1688.com,China,Staff Scientist
708,Henry,Daniels,hdanielsjn@senate.gov,China,Geological Engineer
709,Michael,Crawford,mcrawfordjo@alexa.com,China,Desktop Support Technician
710,Richard,Vasquez,rvasquezjp@hubpages.com,Kyrgyzstan,Recruiting Manager
711,Scott,Payne,spaynejq@gizmodo.com,United States,Account Coordinator
712,Douglas,Bell,dbelljr@istockphoto.com,Thailand,Speech Pathologist
713,Kelly,Garcia,kgarciajs@360.cn,China,Assistant Professor
714,Alice,Kennedy,akennedyjt@furl.net,China,Librarian
715,Mary,Fox,mfoxju@wordpress.com,Poland,Research Assistant I
716,Dennis,Weaver,dweaverjv@hexun.com,Russia,Senior Editor
717,Walter,Taylor,wtaylorjw@cdbaby.com,Philippines,Media Manager IV
718,Patricia,Ortiz,portizjx@jalbum.net,Philippines,Clinical Specialist
719,Juan,Ryan,jryanjy@webmd.com,Colombia,Account Representative II
720,Diana,Ruiz,druizjz@dropbox.com,Brazil,Chemical Engineer
721,Wanda,Fox,wfoxk0@constantcontact.com,Malaysia,Tax Accountant
722,Diana,Anderson,dandersonk1@sina.com.cn,Albania,Database Administrator I
723,Anthony,Harrison,aharrisonk2@hibu.com,Mexico,VP Product Management
724,Ruby,Perez,rperezk3@friendfeed.com,Lebanon,Health Coach IV
725,Sarah,Holmes,sholmesk4@vinaora.com,China,Systems Administrator IV
726,Mary,Mills,mmillsk5@addthis.com,Nigeria,Staff Accountant IV
727,Pamela,Jacobs,pjacobsk6@paypal.com,Russia,Systems Administrator IV
728,Robert,Duncan,rduncank7@uol.com.br,Indonesia,General Manager
729,Johnny,Robinson,jrobinsonk8@stumbleupon.com,China,Research Associate
730,Diane,Wheeler,dwheelerk9@ustream.tv,Czech Republic,VP Quality Control
731,Harold,Gomez,hgomezka@whitehouse.gov,Russia,Human Resources Manager
732,Antonio,Ferguson,afergusonkb@java.com,Colombia,Nurse
733,Sandra,Wilson,swilsonkc@deviantart.com,Kuwait,Analog Circuit Design manager
734,Ruth,Cooper,rcooperkd@va.gov,Russia,Desktop Support Technician
735,Jane,Carroll,jcarrollke@ed.gov,Portugal,Community Outreach Specialist
736,Dorothy,Ray,draykf@blogtalkradio.com,China,Senior Cost Accountant
737,Mary,Young,myoungkg@lycos.com,Poland,Tax Accountant
738,Robert,Wood,rwoodkh@ehow.com,Yemen,Nuclear Power Engineer
739,Jose,Foster,jfosterki@flickr.com,Japan,Marketing Assistant
740,Mark,Cox,mcoxkj@shinystat.com,Morocco,Research Nurse
741,Virginia,Carter,vcarterkk@51.la,Kazakhstan,Chief Design Engineer
742,Lisa,Roberts,lrobertskl@latimes.com,China,Developer I
743,Christine,Hudson,chudsonkm@google.fr,Philippines,VP Accounting
744,Gary,Shaw,gshawkn@loc.gov,France,Account Coordinator
745,Carolyn,Armstrong,carmstrongko@ycombinator.com,China,Dental Hygienist
746,Peter,Griffin,pgriffinkp@oakley.com,Russia,Senior Financial Analyst
747,Alan,Day,adaykq@yellowpages.com,Poland,Senior Financial Analyst
748,Shawn,Reed,sreedkr@huffingtonpost.com,China,Paralegal
749,Gregory,Knight,gknightks@omniture.com,Czech Republic,Actuary
750,Bobby,Grant,bgrantkt@wikia.com,Portugal,Registered Nurse
751,Chris,Reed,creedku@cbslocal.com,Russia,Actuary
752,Ashley,Oliver,aoliverkv@about.com,Russia,Senior Editor
753,Jimmy,Diaz,jdiazkw@drupal.org,Canada,Recruiting Manager
754,Michelle,Oliver,moliverkx@mail.ru,Vietnam,Marketing Assistant
755,Robin,Fowler,rfowlerky@eventbrite.com,Japan,VP Sales
756,Timothy,Coleman,tcolemankz@eepurl.com,Brazil,Account Representative II
757,Lisa,Wallace,lwallacel0@imdb.com,Afghanistan,Analog Circuit Design manager
758,Aaron,Adams,aadamsl1@ask.com,Nigeria,Recruiter
759,Stephen,Mcdonald,smcdonaldl2@altervista.org,Portugal,Physical Therapy Assistant
760,Laura,Carroll,lcarrolll3@mac.com,China,Senior Sales Associate
761,Linda,Perry,lperryl4@goodreads.com,Thailand,Data Coordiator
762,Paul,Bennett,pbennettl5@marketwatch.com,China,Office Assistant IV
763,Brenda,Wagner,bwagnerl6@parallels.com,Indonesia,Senior Sales Associate
764,William,Bishop,wbishopl7@hexun.com,Czech Republic,Account Representative II
765,Ruby,Schmidt,rschmidtl8@senate.gov,Venezuela,Assistant Professor
766,Karen,Reid,kreidl9@gizmodo.com,Sweden,Analyst Programmer
767,Randy,Perry,rperryla@fda.gov,Poland,Senior Editor
768,Cheryl,Dean,cdeanlb@wordpress.org,Argentina,Legal Assistant
769,Louise,Payne,lpaynelc@illinois.edu,Mauritius,Editor
770,Clarence,Kennedy,ckennedyld@nytimes.com,Portugal,Research Assistant II
771,Sara,Kennedy,skennedyle@pinterest.com,China,Web Designer II
772,Jane,Miller,jmillerlf@csmonitor.com,Japan,Nurse Practicioner
773,Kathleen,Morales,kmoraleslg@tuttocitta.it,China,Occupational Therapist
774,Lori,Snyder,lsnyderlh@vk.com,China,VP Marketing
775,Ruth,Price,rpriceli@flavors.me,Poland,Tax Accountant
776,Teresa,Carroll,tcarrolllj@parallels.com,Indonesia,Senior Financial Analyst
777,Scott,Williamson,swilliamsonlk@bravesites.com,Thailand,Budget/Accounting Analyst III
778,Ernest,Howell,ehowellll@timesonline.co.uk,Indonesia,Pharmacist
779,Jean,Griffin,jgriffinlm@ucoz.com,China,Assistant Manager
780,Bobby,Collins,bcollinsln@example.com,South Korea,Civil Engineer
781,Betty,Jordan,bjordanlo@printfriendly.com,North Korea,Assistant Professor
782,Jimmy,Robertson,jrobertsonlp@mapquest.com,Philippines,Recruiting Manager
783,Arthur,Powell,apowelllq@dmoz.org,Russia,Editor
784,Earl,Alexander,ealexanderlr@spotify.com,China,Programmer III
785,Carolyn,Thomas,cthomasls@goodreads.com,China,Operator
786,Marilyn,George,mgeorgelt@webeden.co.uk,Philippines,Sales Associate
787,John,Cook,jcooklu@altervista.org,Netherlands,Staff Scientist
788,Jeremy,Greene,jgreenelv@google.com.br,Jordan,Programmer III
789,Mildred,Baker,mbakerlw@topsy.com,China,Web Developer I
790,Roger,Armstrong,rarmstronglx@about.com,Indonesia,Desktop Support Technician
791,Amanda,Kennedy,akennedyly@abc.net.au,Colombia,Paralegal
792,Willie,Evans,wevanslz@apache.org,Indonesia,Senior Financial Analyst
793,Paul,Meyer,pmeyerm0@ask.com,China,Desktop Support Technician
794,Doris,Sanchez,dsanchezm1@amazon.de,Guatemala,Administrative Officer
795,Stephanie,Garza,sgarzam2@weibo.com,Sri Lanka,Food Chemist
796,Rose,Lawson,rlawsonm3@tumblr.com,Russia,Product Engineer
797,Brenda,Medina,bmedinam4@eepurl.com,North Korea,Analyst Programmer
798,Joshua,Austin,jaustinm5@ocn.ne.jp,Albania,Payment Adjustment Coordinator
799,Rachel,Schmidt,rschmidtm6@posterous.com,Mexico,Accountant I
800,Martin,Mendoza,mmendozam7@mozilla.org,Indonesia,Chemical Engineer
801,Billy,Oliver,boliverm8@opensource.org,France,Compensation Analyst
802,Jennifer,Fields,jfieldsm9@sciencedirect.com,Indonesia,Compensation Analyst
803,Lisa,Dixon,ldixonma@canalblog.com,Slovenia,Marketing Assistant
804,Helen,Sims,hsimsmb@nbcnews.com,Syria,Geologist I
805,Theresa,Larson,tlarsonmc@wunderground.com,Costa Rica,Senior Financial Analyst
806,Jessica,Cooper,jcoopermd@smugmug.com,Equatorial Guinea,Tax Accountant
807,Sandra,Brown,sbrownme@unblog.fr,Sweden,Health Coach I
808,Brian,Bryant,bbryantmf@hud.gov,Macedonia,Financial Analyst
809,Joan,Dean,jdeanmg@mapy.cz,Micronesia,General Manager
810,Russell,Duncan,rduncanmh@meetup.com,Peru,Administrative Assistant III
811,Johnny,Kim,jkimmi@baidu.com,Chile,VP Accounting
812,Anne,Mccoy,amccoymj@arstechnica.com,China,Operator
813,Melissa,George,mgeorgemk@printfriendly.com,Russia,Developer II
814,Juan,Elliott,jelliottml@usgs.gov,Japan,Teacher
815,Cheryl,Ryan,cryanmm@comsenz.com,Portugal,Electrical Engineer
816,Sarah,Hanson,shansonmn@taobao.com,North Korea,Senior Financial Analyst
817,Nicholas,Little,nlittlemo@nytimes.com,Philippines,General Manager
818,Brenda,Freeman,bfreemanmp@squidoo.com,Colombia,Biostatistician I
819,Gary,Allen,gallenmq@apache.org,Ecuador,Assistant Manager
820,Carl,Wilson,cwilsonmr@washington.edu,Russia,Quality Engineer
821,Scott,Price,spricems@a8.net,China,Biostatistician III
822,Betty,Reid,breidmt@businessweek.com,Colombia,Software Engineer III
823,Phyllis,Lee,pleemu@upenn.edu,Albania,Occupational Therapist
824,Ernest,Gilbert,egilbertmv@wufoo.com,Portugal,Dental Hygienist
825,Jose,Andrews,jandrewsmw@is.gd,Albania,Dental Hygienist
826,Antonio,Sims,asimsmx@mashable.com,Netherlands,Account Coordinator
827,Joseph,Rodriguez,jrodriguezmy@aboutads.info,Greece,Budget/Accounting Analyst IV
828,Ryan,Flores,rfloresmz@hexun.com,Russia,Physical Therapy Assistant
829,Gary,Walker,gwalkern0@facebook.com,Russia,Senior Cost Accountant
830,Lawrence,Griffin,lgriffinn1@ovh.net,China,Tax Accountant
831,Nicholas,Romero,nromeron2@jugem.jp,Sweden,Internal Auditor
832,Patrick,Hawkins,phawkinsn3@typepad.com,Philippines,VP Marketing
833,Terry,Ryan,tryann4@geocities.com,Serbia,Accountant IV
834,Wayne,Freeman,wfreemann5@google.co.jp,China,Food Chemist
835,Pamela,Morris,pmorrisn6@jigsy.com,Sweden,Teacher
836,Cynthia,Schmidt,cschmidtn7@paginegialle.it,Sweden,Web Developer II
837,Mark,Garcia,mgarcian8@pagesperso-orange.fr,Nigeria,GIS Technical Architect
838,Lori,King,lkingn9@com.com,Malaysia,Junior Executive
839,Nancy,Perry,nperryna@ovh.net,Brazil,Geologist II
840,Jason,Simpson,jsimpsonnb@imgur.com,China,Staff Accountant III
841,Dennis,Walker,dwalkernc@economist.com,China,Associate Professor
842,Angela,Grant,agrantnd@theglobeandmail.com,Philippines,Executive Secretary
843,Gloria,Sims,gsimsne@globo.com,Thailand,Structural Analysis Engineer
844,Carlos,Oliver,colivernf@webeden.co.uk,Myanmar,Data Coordiator
845,Annie,Duncan,aduncanng@bluehost.com,Portugal,Analyst Programmer
846,Lois,Castillo,lcastillonh@nymag.com,Morocco,Junior Executive
847,Philip,Lawson,plawsonni@networksolutions.com,Colombia,Information Systems Manager
848,Lisa,Duncan,lduncannj@youtube.com,France,Engineer III
849,Bobby,Jordan,bjordannk@cnet.com,Poland,Sales Associate
850,Kenneth,Rose,krosenl@unicef.org,Thailand,Systems Administrator I
851,Andrea,Henry,ahenrynm@deviantart.com,Finland,Director of Sales
852,Cheryl,Rogers,crogersnn@wikispaces.com,Syria,Executive Secretary
853,Lillian,Washington,lwashingtonno@shinystat.com,Russia,Research Associate
854,Beverly,Gomez,bgomeznp@last.fm,China,Associate Professor
855,Teresa,Coleman,tcolemannq@pen.io,Hong Kong,Developer I
856,Jessica,Price,jpricenr@ted.com,Russia,Senior Editor
857,Louise,Hicks,lhicksns@mashable.com,Laos,VP Quality Control
858,Andrea,Freeman,afreemannt@indiatimes.com,Poland,General Manager
859,Kevin,Arnold,karnoldnu@miibeian.gov.cn,Egypt,Database Administrator I
860,Denise,Greene,dgreenenv@slate.com,Indonesia,Teacher
861,Laura,Mason,lmasonnw@yolasite.com,Indonesia,Marketing Assistant
862,Melissa,Turner,mturnernx@merriam-webster.com,Tunisia,Geological Engineer
863,Nancy,Powell,npowellny@simplemachines.org,Indonesia,Occupational Therapist
864,Gregory,Foster,gfosternz@drupal.org,China,Account Executive
865,Arthur,Jacobs,ajacobso0@bbb.org,Portugal,Cost Accountant
866,Aaron,Lane,alaneo1@twitpic.com,Indonesia,Staff Accountant I
867,Craig,Franklin,cfranklino2@amazon.com,United States,VP Accounting
868,Tammy,Lawrence,tlawrenceo3@amazonaws.com,Indonesia,Executive Secretary
869,Carol,Thomas,cthomaso4@geocities.com,Indonesia,Senior Editor
870,Dorothy,Gordon,dgordono5@zdnet.com,Portugal,Cost Accountant
871,Robin,Moore,rmooreo6@jiathis.com,Malawi,Biostatistician III
872,Ann,Ray,arayo7@themeforest.net,France,Data Coordiator
873,Walter,Martin,wmartino8@phpbb.com,Moldova,Nurse Practicioner
874,Jack,Hawkins,jhawkinso9@topsy.com,Philippines,Software Consultant
875,Randy,Kim,rkimoa@washington.edu,China,Programmer III
876,Ralph,Cox,rcoxob@tripadvisor.com,China,Business Systems Development Analyst
877,Anna,Barnes,abarnesoc@digg.com,Bolivia,Business Systems Development Analyst
878,Virginia,Bennett,vbennettod@simplemachines.org,Colombia,Sales Associate
879,Marie,Johnston,mjohnstonoe@google.nl,Mongolia,Accounting Assistant IV
880,Mark,Chapman,mchapmanof@theatlantic.com,Greece,Systems Administrator I
881,Ronald,Black,rblackog@github.io,Vietnam,Safety Technician II
882,Kenneth,Phillips,kphillipsoh@cocolog-nifty.com,Laos,Research Assistant I
883,Anne,Gibson,agibsonoi@irs.gov,Canada,Office Assistant I
884,Douglas,Black,dblackoj@youtu.be,Georgia,Speech Pathologist
885,Ralph,Parker,rparkerok@i2i.jp,Czech Republic,Programmer II
886,Justin,Garza,jgarzaol@posterous.com,China,Assistant Manager
887,Sara,Matthews,smatthewsom@opera.com,Czech Republic,Quality Control Specialist
888,Wayne,Campbell,wcampbellon@paginegialle.it,Indonesia,Product Engineer
889,Brandon,Brooks,bbrooksoo@geocities.jp,Poland,Project Manager
890,Paula,Lewis,plewisop@imgur.com,Thailand,Chemical Engineer
891,John,Rose,jroseoq@army.mil,Russia,Chief Design Engineer
892,Scott,Warren,swarrenor@unesco.org,Costa Rica,Executive Secretary
893,Terry,Henderson,thendersonos@baidu.com,Armenia,Staff Accountant III
894,Shirley,Cook,scookot@e-recht24.de,Philippines,Dental Hygienist
895,Jennifer,Nelson,jnelsonou@sciencedaily.com,Kenya,Environmental Tech
896,Diana,Mccoy,dmccoyov@cargocollective.com,Philippines,Analog Circuit Design manager
897,Robin,Willis,rwillisow@reference.com,Poland,Project Manager
898,Margaret,Hamilton,mhamiltonox@histats.com,Morocco,Editor
899,Rose,Hamilton,rhamiltonoy@nymag.com,Indonesia,Senior Sales Associate
900,Kevin,Gonzales,kgonzalesoz@smh.com.au,Philippines,Analog Circuit Design manager
901,Albert,Ferguson,afergusonp0@jigsy.com,Costa Rica,Dental Hygienist
902,Beverly,Simmons,bsimmonsp1@nationalgeographic.com,Poland,Sales Associate
903,David,Hart,dhartp2@geocities.jp,China,Information Systems Manager
904,Sara,Peters,spetersp3@timesonline.co.uk,Nigeria,Accountant IV
905,Nancy,Austin,naustinp4@telegraph.co.uk,Israel,Dental Hygienist
906,Shawn,White,swhitep5@prlog.org,Guatemala,Nuclear Power Engineer
907,Elizabeth,Harris,eharrisp6@latimes.com,Iraq,Cost Accountant
908,Walter,Johnston,wjohnstonp7@nsw.gov.au,Sweden,Account Coordinator
909,Paul,Walker,pwalkerp8@addtoany.com,Nigeria,Compensation Analyst
910,Andrew,Brown,abrownp9@typepad.com,China,Data Coordiator
911,Douglas,Webb,dwebbpa@phoca.cz,Belarus,Legal Assistant
912,Michelle,Mendoza,mmendozapb@dagondesign.com,Poland,Associate Professor
913,Terry,Wheeler,twheelerpc@toplist.cz,Pakistan,Software Consultant
914,Lillian,Kennedy,lkennedypd@creativecommons.org,China,Programmer I
915,Ruby,Patterson,rpattersonpe@google.com,Philippines,Teacher
916,Lawrence,Meyer,lmeyerpf@harvard.edu,Russia,Director of Sales
917,Arthur,Kelley,akelleypg@cbsnews.com,Greece,Business Systems Development Analyst
918,Christopher,James,cjamesph@icio.us,China,GIS Technical Architect
919,Diana,Kennedy,dkennedypi@instagram.com,Czech Republic,Staff Scientist
920,Evelyn,Mitchell,emitchellpj@amazon.co.uk,France,VP Accounting
921,Anne,Walker,awalkerpk@ucoz.com,Pakistan,Senior Cost Accountant
922,Jonathan,Burton,jburtonpl@hc360.com,Venezuela,Technical Writer
923,Earl,Watkins,ewatkinspm@rediff.com,China,VP Quality Control
924,Robert,Larson,rlarsonpn@ucsd.edu,Mauritius,Occupational Therapist
925,Martin,Walker,mwalkerpo@newsvine.com,Russia,Compensation Analyst
926,Mark,Bradley,mbradleypp@telegraph.co.uk,Mongolia,Senior Financial Analyst
927,Sarah,George,sgeorgepq@sakura.ne.jp,Ethiopia,Help Desk Operator
928,Marie,Nguyen,mnguyenpr@goo.ne.jp,Niger,Office Assistant IV
929,Norma,Wilson,nwilsonps@cornell.edu,Japan,Senior Developer
930,Carl,Jones,cjonespt@desdev.cn,France,Professor
931,Roy,Freeman,rfreemanpu@ebay.com,Brazil,Nurse
932,Shawn,Ward,swardpv@bizjournals.com,Japan,Tax Accountant
933,Diana,Williamson,dwilliamsonpw@qq.com,Syria,Project Manager
934,Ernest,Willis,ewillispx@google.co.jp,South Africa,Human Resources Manager
935,Louise,Sanders,lsanderspy@bluehost.com,Ireland,Geologist III
936,Joe,White,jwhitepz@gmpg.org,United States,Social Worker
937,Earl,Hamilton,ehamiltonq0@usa.gov,Uruguay,VP Marketing
938,Pamela,Hawkins,phawkinsq1@tumblr.com,Portugal,Operator
939,Frank,Fox,ffoxq2@t-online.de,Russia,VP Product Management
940,Craig,Scott,cscottq3@microsoft.com,Palestinian Territory,Occupational Therapist
941,Rachel,Hayes,rhayesq4@about.me,Indonesia,Marketing Assistant
942,Annie,Allen,aallenq5@springer.com,Russia,Research Associate
943,Timothy,Carroll,tcarrollq6@guardian.co.uk,Finland,Analyst Programmer
944,Douglas,Flores,dfloresq7@springer.com,China,Compensation Analyst
945,Helen,Thompson,hthompsonq8@prlog.org,Brazil,General Manager
946,Juan,Romero,jromeroq9@rakuten.co.jp,Thailand,Staff Accountant IV
947,Larry,Nichols,lnicholsqa@webs.com,Portugal,Mechanical Systems Engineer
948,Arthur,Brown,abrownqb@about.com,Israel,Analog Circuit Design manager
949,Arthur,Rogers,arogersqc@ning.com,Indonesia,Assistant Manager
950,George,Fowler,gfowlerqd@pbs.org,China,Budget/Accounting Analyst I
951,Doris,Snyder,dsnyderqe@google.de,Russia,Food Chemist
952,Jonathan,Rivera,jriveraqf@reddit.com,China,Accounting Assistant IV
953,Emily,Thomas,ethomasqg@artisteer.com,Portugal,Accountant IV
954,Sharon,Ray,srayqh@omniture.com,Indonesia,Programmer II
955,Juan,Matthews,jmatthewsqi@bluehost.com,Estonia,GIS Technical Architect
956,Justin,Collins,jcollinsqj@webmd.com,Argentina,Geological Engineer
957,Christopher,Wells,cwellsqk@skyrock.com,Afghanistan,Cost Accountant
958,Judy,Schmidt,jschmidtql@goo.ne.jp,China,Quality Control Specialist
959,Betty,Ruiz,bruizqm@reddit.com,Philippines,Senior Financial Analyst
960,Joyce,Holmes,jholmesqn@blogspot.com,Poland,Software Engineer III
961,Benjamin,Johnston,bjohnstonqo@istockphoto.com,Brazil,Senior Quality Engineer
962,John,Dixon,jdixonqp@ox.ac.uk,Philippines,Food Chemist
963,Jack,Thomas,jthomasqq@wired.com,China,Accountant II
964,Matthew,Watson,mwatsonqr@google.fr,China,Librarian
965,Amy,Franklin,afranklinqs@sfgate.com,Philippines,General Manager
966,Lisa,James,ljamesqt@imgur.com,Bolivia,Analog Circuit Design manager
967,Jose,Washington,jwashingtonqu@weibo.com,Philippines,Senior Cost Accountant
968,Barbara,Frazier,bfrazierqv@alibaba.com,Ukraine,Financial Advisor
969,Dennis,George,dgeorgeqw@sourceforge.net,Indonesia,Safety Technician IV
970,Tammy,Peters,tpetersqx@tiny.cc,Indonesia,Software Consultant
971,Eric,Lawrence,elawrenceqy@exblog.jp,Philippines,Occupational Therapist
972,Sara,Riley,srileyqz@msn.com,Jamaica,Analog Circuit Design manager
973,Thomas,Brooks,tbrooksr0@pbs.org,Brazil,Analog Circuit Design manager
974,Tina,James,tjamesr1@sourceforge.net,China,Occupational Therapist
975,Kevin,Simpson,ksimpsonr2@ovh.net,Portugal,Paralegal
976,Lisa,Dean,ldeanr3@sina.com.cn,Malta,Senior Developer
977,Martha,Phillips,mphillipsr4@npr.org,United States,Physical Therapy Assistant
978,Judith,Banks,jbanksr5@dedecms.com,Sierra Leone,Food Chemist
979,Linda,Fowler,lfowlerr6@friendfeed.com,Vietnam,Teacher
980,Shirley,Brown,sbrownr7@dropbox.com,Afghanistan,Speech Pathologist
981,Shawn,Sims,ssimsr8@dmoz.org,Portugal,Operator
982,Maria,Carroll,mcarrollr9@photobucket.com,Mexico,Geological Engineer
983,James,Gonzales,jgonzalesra@mozilla.com,China,Developer IV
984,Martin,Garza,mgarzarb@sohu.com,China,Health Coach II
985,Ryan,Wheeler,rwheelerrc@nymag.com,Russia,VP Accounting
986,Shawn,Baker,sbakerrd@zimbio.com,Indonesia,Financial Analyst
987,Pamela,Harris,pharrisre@redcross.org,China,Senior Editor
988,Ryan,Freeman,rfreemanrf@diigo.com,Bulgaria,Programmer III
989,Bruce,Medina,bmedinarg@google.it,China,Budget/Accounting Analyst II
990,Anna,Perry,aperryrh@kickstarter.com,Greece,Media Manager IV
991,Anne,Evans,aevansri@timesonline.co.uk,Malaysia,Design Engineer
992,Kenneth,Myers,kmyersrj@amazonaws.com,Finland,Financial Advisor
993,Raymond,Stanley,rstanleyrk@virginia.edu,Peru,Registered Nurse
994,Diane,Wells,dwellsrl@i2i.jp,Indonesia,Marketing Assistant
995,William,Rogers,wrogersrm@ask.com,Canada,Software Consultant
996,Cynthia,Arnold,carnoldrn@hatena.ne.jp,China,Senior Financial Analyst
997,Joyce,Campbell,jcampbellro@craigslist.org,Czech Republic,Chief Design Engineer
998,Kathleen,Spencer,kspencerrp@hatena.ne.jp,Brazil,Senior Quality Engineer
999,Clarence,Hicks,chicksrq@artisteer.com,Czech Republic,Electrical Engineer
1000,Daniel,Chavez,dchavezrr@blogger.com,China,VP Product Management
